{"id":"5260e4387060fc88","definitionId":"8c012a4be9e86252","name":"Publish2","createdAt":"2024-07-16T09:15:00.3408591+00:00","version":1,"toolVersion":"3.2.0.0","variables":[],"inputs":[],"outputs":[],"outcomes":[],"customProperties":{},"isReadonly":false,"isSystem":false,"isLatest":true,"isPublished":true,"options":{"autoUpdateConsumingWorkflows":false},"root":{"type":"Elsa.Flowchart","version":1,"id":"54ec683f497ff7fc","nodeId":"Workflow1:54ec683f497ff7fc","metadata":{},"customProperties":{"source":"FlowchartJsonConverter.cs:45","notFoundConnections":[],"canStartWorkflow":false,"runAsynchronously":false},"activities":[{"id":"b05506b647eff85c","nodeId":"Workflow1:54ec683f497ff7fc:b05506b647eff85c","name":"Finish1","type":"Elsa.Finish","version":1,"customProperties":{"canStartWorkflow":false,"runAsynchronously":false},"metadata":{"designer":{"position":{"x":102.203125,"y":200},"size":{"width":110.40625,"height":50}}}},{"text":{"typeName":"String","expression":{"type":"Literal","value":"Debug Publish workflow Completed!"}},"id":"f83282d23ab75b48","nodeId":"Workflow1:54ec683f497ff7fc:f83282d23ab75b48","name":"WriteLine2","type":"Elsa.WriteLine","version":1,"customProperties":{"canStartWorkflow":false,"runAsynchronously":false},"metadata":{"designer":{"position":{"x":-90.27708435058594,"y":200},"size":{"width":139.296875,"height":50}}}},{"messageType":"Elsa.Samples.AspNet.MassTransitActivities.Messages.OrderCompleted, Elsa.MassTransitActivities","message":{"typeName":"Object","expression":{"type":"CSharp","value":"// return {\r\n//     \u0022OrderId\u0022: \u00222\u0022\r\n// }\r\nreturn new OrderCompleted(\u00222\u0022);"}},"id":"d7c7f3a234643aee","nodeId":"Workflow1:54ec683f497ff7fc:d7c7f3a234643aee","name":"2","type":"Elsa.Samples.AspNet.MassTransitActivities.Messages.PublishOrderCompleted","version":1,"customProperties":{"canStartWorkflow":false,"runAsynchronously":false},"metadata":{"designer":{"position":{"x":-400,"y":200},"size":{"width":211.90625,"height":50}}}}],"connections":[{"source":{"activity":"d7c7f3a234643aee","port":"Done"},"target":{"activity":"f83282d23ab75b48","port":"In"}},{"source":{"activity":"f83282d23ab75b48","port":"Done"},"target":{"activity":"b05506b647eff85c","port":"In"}}]}}