{"id":"a3a59c22765961b9","definitionId":"8dd000a53eb38a9f","name":"Receive2","createdAt":"2024-07-16T08:57:28.1205188+00:00","version":3,"toolVersion":"3.2.0.0","variables":[{"id":"bcde999c55c0064c","name":"CompletedOrderId","typeName":"Elsa.Samples.AspNet.MassTransitActivities.Messages.OrderCompleted, Elsa.MassTransitActivities","isArray":false,"storageDriverTypeName":"Elsa.Workflows.Services.WorkflowStorageDriver, Elsa.Workflows.Core"}],"inputs":[],"outputs":[],"outcomes":[],"customProperties":{},"isReadonly":false,"isSystem":false,"isLatest":true,"isPublished":true,"options":{"autoUpdateConsumingWorkflows":false},"root":{"type":"Elsa.Flowchart","version":1,"id":"8f06aec9eac7c41","nodeId":"Workflow1:8f06aec9eac7c41","metadata":{},"customProperties":{"source":"FlowchartJsonConverter.cs:45","notFoundConnections":[],"canStartWorkflow":false,"runAsynchronously":false},"activities":[{"id":"9ee3e5b2038bc07c","nodeId":"Workflow1:8f06aec9eac7c41:9ee3e5b2038bc07c","name":"Finish1","type":"Elsa.Finish","version":1,"customProperties":{"canStartWorkflow":false,"runAsynchronously":false},"metadata":{"designer":{"position":{"x":200,"y":200},"size":{"width":110.40625,"height":50}}}},{"messageType":"Elsa.Samples.AspNet.MassTransitActivities.Messages.OrderCompleted, Elsa.MassTransitActivities","result":{"typeName":"Object","memoryReference":{"id":"bcde999c55c0064c"}},"id":"5a611885442eef8a","nodeId":"Workflow1:8f06aec9eac7c41:5a611885442eef8a","name":"2","type":"Elsa.Samples.AspNet.MassTransitActivities.Messages.OrderCompleted","version":1,"customProperties":{"canStartWorkflow":false,"runAsynchronously":false},"metadata":{"designer":{"position":{"x":-280,"y":200},"size":{"width":154.03125,"height":50}}}},{"text":{"typeName":"String","expression":{"type":"JavaScript","value":"\u0060Order Created message received! Order total: ${getCompletedOrderId().OrderId}\u0060"}},"id":"dad7654137f4495e","nodeId":"Workflow1:8f06aec9eac7c41:dad7654137f4495e","name":"WriteLine2","type":"Elsa.WriteLine","version":1,"customProperties":{"canStartWorkflow":false,"runAsynchronously":false},"metadata":{"designer":{"position":{"x":-38.5,"y":200},"size":{"width":139.296875,"height":50}}}}],"connections":[{"source":{"activity":"5a611885442eef8a","port":"Done"},"target":{"activity":"dad7654137f4495e","port":"In"}},{"source":{"activity":"dad7654137f4495e","port":"Done"},"target":{"activity":"9ee3e5b2038bc07c","port":"In"}}]}}