{"id":"5260e4387060fc87","definitionId":"8c012a4be9e86251","name":"Publish","createdAt":"2024-07-16T06:41:40.2102687+00:00","version":5,"toolVersion":"3.2.0.0","variables":[],"inputs":[],"outputs":[],"outcomes":[],"customProperties":{},"isReadonly":false,"isSystem":false,"isLatest":true,"isPublished":true,"options":{"autoUpdateConsumingWorkflows":false},"root":{"type":"Elsa.Flowchart","version":1,"id":"54ec683f497ff7fc","nodeId":"Workflow1:54ec683f497ff7fc","metadata":{},"customProperties":{"source":"FlowchartJsonConverter.cs:45","notFoundConnections":[],"canStartWorkflow":false,"runAsynchronously":false},"activities":[{"text":{"typeName":"String","expression":{"type":"Literal","value":"Debug Publish workflow started"}},"id":"1efbced0c52d4ad8","nodeId":"Workflow1:54ec683f497ff7fc:1efbced0c52d4ad8","name":"WriteLine1","type":"Elsa.WriteLine","version":1,"customProperties":{"canStartWorkflow":false,"runAsynchronously":false},"metadata":{"designer":{"position":{"x":-420,"y":140},"size":{"width":139.296875,"height":50}}}},{"text":{"typeName":"String","expression":{"type":"Literal","value":"Debug Publish workflow Completed!"}},"id":"f83282d23ab75b48","nodeId":"Workflow1:54ec683f497ff7fc:f83282d23ab75b48","name":"WriteLine2","type":"Elsa.WriteLine","version":1,"customProperties":{"canStartWorkflow":false,"runAsynchronously":false},"metadata":{"designer":{"position":{"x":29.722915649414062,"y":140},"size":{"width":139.296875,"height":50}}}},{"id":"b05506b647eff85c","nodeId":"Workflow1:54ec683f497ff7fc:b05506b647eff85c","name":"Finish1","type":"Elsa.Finish","version":1,"customProperties":{"canStartWorkflow":false,"runAsynchronously":false},"metadata":{"designer":{"position":{"x":322.203125,"y":220},"size":{"width":110.40625,"height":50}}}},{"messageType":"Elsa.Samples.AspNet.MassTransitActivities.Messages.OrderCreated, Elsa.MassTransitActivities","message":{"typeName":"Object","expression":{"type":"CSharp","value":"// return {\r\n//     \u0022Id\u0022: \u00222\u0022,\r\n//     \u0022CustomerId\u0022:\u002299\u0022,\r\n//     \u0022Product\u0022: \u0022myproduct\u0022,\r\n//     \u0022Quantity\u0022: 20,\r\n//     \u0022Total\u0022: 5.5\r\n// }\r\n//return new OrderCreated(\u00223\u0022, \u0022100\u0022, \u0022other prod\u0022, 10, 5.5);\r\nreturn new OrderCreated(\u00223\u0022, \u0022100\u0022, \u0022other prod\u0022, 10, 5.5m);"}},"id":"40ce0e21b115683a","nodeId":"Workflow1:54ec683f497ff7fc:40ce0e21b115683a","name":"1","type":"Elsa.Samples.AspNet.MassTransitActivities.Messages.PublishOrderCreated","version":1,"customProperties":{"canStartWorkflow":false,"runAsynchronously":false},"metadata":{"designer":{"position":{"x":-219.296875,"y":140},"size":{"width":189.5625,"height":50}}}},{"messageType":"Elsa.Samples.AspNet.MassTransitActivities.Messages.OrderCompleted, Elsa.MassTransitActivities","message":{"typeName":"Object","expression":{"type":"CSharp","value":"// return {\r\n//     \u0022OrderId\u0022: \u00222\u0022\r\n// }\r\nreturn new OrderCompleted(\u00222\u0022);"}},"id":"d7c7f3a234643aee","nodeId":"Workflow1:54ec683f497ff7fc:d7c7f3a234643aee","name":"2","type":"Elsa.Samples.AspNet.MassTransitActivities.Messages.PublishOrderCompleted","version":1,"customProperties":{"canStartWorkflow":false,"runAsynchronously":false},"metadata":{"designer":{"position":{"x":220.703125,"y":140},"size":{"width":211.90625,"height":50}}}}],"connections":[{"source":{"activity":"f83282d23ab75b48","port":"Done"},"target":{"activity":"d7c7f3a234643aee","port":"In"}},{"source":{"activity":"d7c7f3a234643aee","port":"Done"},"target":{"activity":"b05506b647eff85c","port":"In"}},{"source":{"activity":"1efbced0c52d4ad8","port":"Done"},"target":{"activity":"40ce0e21b115683a","port":"In"}},{"source":{"activity":"40ce0e21b115683a","port":"Done"},"target":{"activity":"f83282d23ab75b48","port":"In"}}]}}